latitude,longitude
38.883541,-77.0810889
39.3642834,-74.4229266
48.4284207,-123.3656444
50.2074306,11.2858917
50.81057,4.93622
42.48419990000001,26.5035023
51.627903,0.418397
51.696636,-0.175948
49.9928617,8.2472526
51.0543422,3.7174243
48.592237,6.492338999999999
39.115663,-84.5187569
40.6639916,-74.2107006
41.49932,-81.6943605
40.9064,-77.9395179
54.978252,-1.61778
39.2720509,-76.73191609999999
40.78593310000001,-74.7801645
41.5033572,-85.8307059
40.735657,-74.1723667
40.735657,-74.1723667
40.93560009999999,-74.6611769
41.2916728,-92.6493595
41.49932,-81.6943605
52.1359729,-0.4666546
38.9896967,-76.93776
40.79676670000001,-74.4815438
41.4108855,-83.46104
40.5395289,-76.96081029999999
42.5188876,3.1073758
39.4699075,-0.3762881
41.8500284,-88.3125738
41.0802621,-105.5074905
41.3850639,2.1734035
44.8871878,-93.1643869
43.8013556,-91.23958069999999
36.1440934,-5.3417241
40.8324211,-115.7631232
-37.9178086,144.7477259
40.72229799999999,-73.6045937
41.49932,-81.6943605
41.58746439999999,-109.2029043
37.7749295,-122.4194155
43.604652,1.444209
48.856614,2.3522219
-25.8742799,118.8406464
48.856614,2.3522219
36.8507689,-76.28587259999999
49.665342,1.939705
39.0611566,115.4431222
36.5270612,-6.2885962
39.768403,-86.158068
45.4408474,12.3155151
35.1744271,-6.1473964
34.0181246,-5.0078451
41.919229,8.738635
41.3850639,2.1734035
41.1399814,-104.8202462
41.6414438,-80.15144839999999
49.70958,2.17198
44.4267674,26.1025384
41.4645824,-83.9521687
41.4000523,-82.80852039999999
41.1697041,-104.2568991
40.9658931,-78.6130821
11.0041072,-74.80698129999999
43.545815,3.125343
41.5822716,-85.8344383
51.339228,-0.119711
41.7151377,44.827096
38.3459963,-0.4906855
38.3459963,-0.4906855
50.125434,3.691623
38.3459963,-0.4906855
47.497912,19.040235
39.74785079999999,-81.51651269999999
48.678296,5.890159
50.7308185,1.5948224
41.5844951,-84.6055076
52.5348604,13.1431864
50.95088,4.30927
51.1645846,0.5529482
40.7127837,-74.0059413
51.55092,8.5597678
42.3265152,-122.8755949
50.62925,3.057256
33.9715904,-6.8498129
-24.883333,146.25
43.0040661,-115.2039579
41.5822716,-85.8344383
50.7562528,10.4819945
36.753768,3.0587561
50.797725,8.9219942
51.27241000000001,0.190898
41.8809434,-72.2600655
40.54898499999999,-74.424723
50.57616650000001,11.8090005
40.4862157,-74.4518188
48.5734053,7.752111299999999
41.4372721,-85.14719339999999
36.834047,-2.4637136
42.9056288,-74.5718073
-34.7871645,-55.38349669999999
41.1188827,1.2444909
36.834047,-2.4637136
41.0069471,-98.00966199999999
-22.9068467,-43.1728965
50.925419,1.706923
42.8497248,-106.3233576
38.9679552,-0.1813922
38.9679552,-0.1813922
44.9734,-93.22173459999999
51.2015995,7.3590901
50.1109221,8.6821267
38.4166818,-95.85304409999999
51.339228,-0.119711
51.8865674,4.398013199999999
48.11703869999999,-122.7604472
48.678296,5.890159
42.8713032,-112.4455344
49.69082419999999,11.0048276
41.9794005,2.8214264
41.3670014,-79.92922329999999
44.933393,4.89236
36.1440934,-5.3417241
41.4486619,-84.7480123
41.3873741,-80.86912730000002
41.4486619,-84.7480123
33.4764767,-100.8556857
-22.9068467,-43.1728965
52.4465493,11.4862361
41.3950489,-82.55517329999999
35.0456297,-85.3096801
49.258329,4.031696
41.984407,-72.3162523
45.2965256,-117.8079872
39.629526,-79.95589679999999
30.927985,-6.907683
40.735657,-74.1723667
33.9294606,-116.977248
32.715738,-117.1610838
36.753768,3.0587561
20.01693,-75.8301537
41.3850639,2.1734035
44.9537029,-93.0899578
39.9611755,-82.99879419999999
34.4047987,-103.2052272
42.6886591,2.8948332
43.60280789999999,39.7341543
34.8480597,-114.6141315
25.6577006,57.7856677
32.61768,-116.1874241
41.58065420000001,-72.7567636
40.3933956,-82.4857181
47.6047218,-122.631094
20.403852,-97.2878798
51.247571,-0.067578
42.6289212,9.439011599999999
45.6318397,-122.6716063
41.4298516,-81.3910999
52.52000659999999,13.404954
35.2219971,-101.8312969
41.1874828,-103.1129824
-18.8791902,47.5079055
33.1958696,-117.3794834
39.114053,-94.6274636
41.76371109999999,-72.6850932
40.72815749999999,-74.0776417
-34.6036844,-58.3815591
42.3600825,-71.0588801
27.9094677,-97.1499898
49.3983782,15.5870415
51.376165,-0.098234
50.3273805,-102.2640528
49.42953869999999,2.0807123
51.0504088,13.7372621
35.1744271,-6.1473964
54.3150367,-130.3208187
49.732771,1.441891
40.6028144,-86.86723390000002
35.0849059,-118.4949105
31.230416,121.473701
51.0036598,3.8003144
-39.035173,177.4180311
49.968341,-98.62895700000001
41.53602799999999,2.1779987
34.1808392,-118.3089661
40.91339430000001,-77.7783348
18.4671203,94.34110009999999
41.5878281,-83.4932651
49.24015720000001,6.996932699999999
41.8781136,-87.6297982
-34.4450316,147.5360981
38.5285169,-89.1316944
39.1031182,-84.5120196
41.8781136,-87.6297982
37.8043637,-122.2711137
39.9259463,-75.1196199
-34.146275,18.9291721
40.7607793,-111.8910474
36.651216,117.12
46.2395793,-119.1005657
41.2455927,-89.9248303
13.7563309,100.5017651
29.9232925,-89.9833657
39.9242266,-83.8088171
34.8416435,-118.8648189
25.9044811,-80.2893995
42.0258779,-85.81555759999999
38.1557502,-121.6913439
38.624514,-90.1506465
34.0039039,-117.0619755
40.3697905,-80.63396379999999
41.3931096,-81.5365094
41.079273,-85.1393513
45.5230622,-122.6764816
34.1808392,-118.3089661
33.8937913,35.5017767
48.5216364,9.0576448
31.7437272,-105.0927275
-28.6473671,153.601977
20.9425179,-17.0362272
-21.2664483,-63.45081070000001
51.335545,1.419895
34.7737082,-90.7576112
35.2219971,-101.8312969
40.67723,-105.077695
-31.981179,115.8199096
36.753768,3.0587561
40.735657,-74.1723667
33.95260200000001,-84.5499327
29.79466409999999,-98.7319703
44.0520691,-123.0867536
-32.8894587,-68.8458386
37.6688205,-122.0807964
51.033331,2.8658393
52.2280802,10.706471
39.7492654,-74.1141088
41.895369,12.4539057
47.8677574,12.6384037
41.84777649999999,2.3904096
38.0495789,-77.3466468
34.9339503,-103.7605204
41.6105937,-87.06419919999999
47.642833,6.675242
45.5230622,-122.6764816
34.9900503,-106.0491893
36.651216,117.12
49.925034,36.269012
41.4361548,-88.7734493
53.5510846,9.9936818
-28.8946769,31.4627576
51.0413098,3.3970513
47.257618,3.684328
44.110898,5.107716
40.7607793,-111.8910474
40.0117151,-89.8481652
4.8087174,-75.690601
-12.046374,-77.0427934
29.8266667,121.4619444
51.376165,-0.098234
-34.5885499,-60.94955400000001
51.760473,11.6665326
34.1808392,-118.3089661
34.1083449,-117.2897652
47.98233159999999,8.8192095
29.868336,121.54399
39.8861052,-94.891913
-22.3913,143.0381
-23.4421917,144.2555041
-34.87544949999999,150.5298387
46.320207,-112.1072224
53.8992685,13.6468979
38.9517053,-92.3340724
20.2218201,-75.9869609
36.2431964,-84.6715407
40.44062479999999,-79.9958864
53.4285438,14.5528116
50.947829,12.763946
31.132093,33.8032762
49.42953869999999,2.0807123
51.3982179,8.5749432
37.6241793,-104.7802645
39.898646,-92.4810208
43.0125274,-83.6874562
55.755826,37.6173
42.5027467,-105.0260832
41.8791979,-87.8431155
52.3702157,4.895167900000001
30.3954246,-88.7647153
46.4147752,9.2237262
39.4518504,121.8728226
32.7287472,-94.94243790000002
42.5027467,-105.0260832
34.1808392,-118.3089661
41.1399814,-104.8202462
42.7284117,-73.69178509999999
41.1399814,-104.8202462
14.6572108,-86.21076719999999
32.7554883,-97.3307658
43.513006,4.987968
47.394144,0.68484
51.376165,-0.098234
52.5374608,13.4227181
34.9381496,-91.0209529
41.919818,8.738321
33.2148412,-97.13306829999999
31.957981,118.867458
40.7364469,-73.9899162
39.900076,-79.71643259999999
10.6549013,-61.50192559999999
45.070312,7.686856499999999
49.205164,2.583212
47.5595986,7.5885761
-37.877,145.131
55.604981,13.003822
52.3758916,9.732010400000002
43.490103,2.376579
38.6270025,-90.19940419999999
50.687222,7.645556000000001
37.6241793,-104.7802645
41.7508391,-88.1535352
50.87848109999999,10.5115698
55.755826,37.6173
49.4254092,11.0796553
51.5073509,-0.1277583
45.188529,5.724524
51.376165,-0.098234
40.7607793,-111.8910474
47.5382565,-116.1193327
41.322316,-74.8023882
32.7766642,-96.79698789999999
32.060255,118.796877
34.373361,-118.5400404
34.373361,-118.5400404
35.6976541,-0.6337376
37.80645519999999,-122.4195089
-28.3333333,153
13.4548761,-16.5790323
46.231418,4.593407
40.014561,-74.3112574
48.7758459,9.1829321
50.73757,4.23251
21.7991419,31.3713164
29.2108147,-81.0228331
-33.3017267,-66.3377522
-31.981179,115.8199096
42.466095,2.578342
49.4874592,8.466039499999999
51.21543,2.928656
51.376165,-0.098234
40.6403229,17.9478783
45.20349,-0.834259
49.1429001,13.5561642
50.1109221,8.6821267
45.6769979,-111.0429339
-14.322395,-170.723225
67.1700511,32.4229656
43.296482,5.36978
25.6775595,-100.2596935
49.050966,2.100645
37.5368803,-119.6562684
-37.633,144.95
41.2559961,13.6068672
21.0119443,-89.6089282
-36.9686277,174.7936872
34.4113854,-118.5400858
-23.5505199,-46.63330939999999
41.49932,-81.6943605
49.2188503,-124.8150633
45.7832856,-108.5006904
4.710988599999999,-74.072092
-0.0917016,34.7679568
27.0750533,142.2116025
47.5316049,21.6273123
54.3232927,10.1227652
44.4267674,26.1025384
40.6353493,17.8772696
-17.5226261,146.0285223
51.5711476,8.105754
-37.831111,145.36
52.3105386,4.7682744
50.4452112,-104.6188944
13.4548761,-16.5790323
33.3128057,44.3614875
52.3702157,4.895167900000001
-12.4634403,130.8456418
48.856614,2.3522219
46.4083362,-105.8405582
-22.9068467,-43.1728965
-14.4521139,132.2715145
50.89229049999999,4.4176727
5.255906,-75.1538939
38.9066791,-77.06285199999999
52.3758916,9.732010400000002
35.4675602,-97.5164276
31.6294723,-7.981084500000001
31.6294723,-7.981084500000001
-2.1709979,-79.9223592
51.4536672,3.5709125
47.6779496,9.173238399999999
41.3850639,2.1734035
-22.9068467,-43.1728965
55.6739463,12.5623087
31.55460609999999,74.3571581
52.3758916,9.732010400000002
50.794995,-1.117547
35.8541135,14.4832795
31.5084926,-9.7595041
-8.670458199999999,115.2126293
33.9191799,-118.4164652
49.276656,-0.258658
-35.2809368,149.1300092
46.7712101,23.6236353
39.2726017,-77.636657
36.85882,119.398525
52.52000659999999,13.404954
40.9180005,-111.8721601
51.2803993,14.0373888
-22.9068467,-43.1728965
41.8781136,-87.6297982
47.04650050000001,21.9189438
34.341575,108.93977
37.94094219999999,-93.4010371
50.296741,-89.058273
33.7489954,-84.3879824
63.4305149,10.3950528
-32.3134951,18.350464
44.4267674,26.1025384
55.458564,-4.629179000000001
-23.5505199,-46.63330939999999
55.424117,-5.605373999999999
18.4655394,-66.1057355
18.4655394,-66.1057355
46.8737648,-96.76780389999999
42.7777214,-81.18265269999999
25.7616798,-80.1917902
36.1699412,-115.1398296
1.4748305,124.8420794
-0.4948232,117.1436154
-10.1771997,123.6070329
-10.1771997,123.6070329
-10.1771997,123.6070329
-27.494949,153.129813
-17.9718327,122.2216561
-15.4825,128.122778
24.880095,102.832892
-13.823056,131.833333
40.7607793,-111.8910474
46.4083362,-105.8405582
37.4223352,-81.64371969999999
52.38102,-3.117897
36.753768,3.0587561
36.753768,3.0587561
37.1694632,-104.5005407
58.250685,-3.433149
36.5062122,2.5693337
24.880095,102.832892
18.0799616,-66.35794729999999
49.1422983,-55.3440853
49.1422983,-55.3440853
33.8302961,-116.5452921
40.2621714,-112.0929961
48.2081743,16.3738189
38.7222524,-9.1393366
39.1501709,-123.2077831
-15.74447,-73.871483
48.954408,-54.6103488
47.6062095,-122.3320708
38.7222524,-9.1393366
28.46763,119.922796
-27.5662553,153.0149511
50.9546461,2.0079011
34.81516330000001,-79.18309099999999
-21.1434603,149.1811128
15.5006544,32.5598994
15.5006544,32.5598994
44.936664,26.0128616
-35.3293371,149.1831324
-22.9068467,-43.1728965
34.7351614,-79.3489317
22.572646,88.36389500000001
35.77895650000001,-87.46695869999999
32.4609764,-84.9877094
18.5204303,73.8567437
24.880095,102.832892
24.880095,102.832892
-9.4780123,147.1506542
27.5489289,109.9652322
-22.9779158,150.2743921
40.653788,-112.7625703
44.786568,20.4489216
35.1495343,-90.0489801
64.5011111,-165.4063889
44.786568,20.4489216
59.22053689999999,10.9347012
45.5016889,-73.567256
22.572646,88.36389500000001
49.305666,-1.242834
49.53207,-1.865804
49.383333,0.183333
24.880095,102.832892
25.234479,110.179954
-30.0346471,-51.2176584
54.723977,-4.956053
42.96361,-99.09676259999999
52.321924,1.5985
53.753825,-2.868558
55.495587,-4.6142139
-23.5505199,-46.63330939999999
44.786568,20.4489216
-16.45,145.373333
47.322047,5.04148
27.860175,95.62739510000002
-33.8688197,151.2092955
53.38999099999999,-3.023009
36.3274502,-119.6456844
59.4836751,8.6269273
50.87387200000001,0.00878
55.604981,13.003822
34.1898566,-118.451357
27.557838,95.2580309
10.6549013,-61.50192559999999
34.1808392,-118.3089661
24.880095,102.832892
-37.0012974,144.4937398
43.1306661,11.0160694
53.1586694,0.2369247
37.8143931,-122.2680778
33.5731104,-7.589843399999999
36.8348383,-81.5148368
-20.2637331,148.7159868
24.880095,102.832892
39.629526,-79.95589679999999
-31.9505269,115.8604572
-31.9505269,115.8604572
32.4709519,-100.4059384
48.1351253,11.5819806
38.9071923,-77.0368707
51.113618,-0.732073
49.69779699999999,2.788831
-28.7773715,114.6149715
50.608277,-1.960769
12.9715987,77.5945627
-0.0917016,34.7679568
34.1954331,-79.7625625
40.7127837,-74.0059413
22.1564699,-100.9855409
14.6160647,-61.0587804
34.1954331,-79.7625625
-10.268303,150.7748222
39.0997265,-94.5785667
27.4414096,109.699648
28.0394654,-81.9498042
48.117266,-1.6777926
50.91535,4.4787175
39.904211,116.407395
-6.4824784,-76.3726891
48.7986201,8.4400257
25.4263309,83.1179848
27.7025312,-97.36758209999999
40.7446016,-74.002985
32.8961272,13.180555
45.936698,-0.9616969999999999
28.0408379,-82.6680502
45.7832856,-108.5006904
40.7127837,-74.0059413
33.5206608,-86.80248999999999
43.817072,125.323544
43.296482,5.36978
41.5083668,-72.9106202
49.5908749,-114.523843
48.00611000000001,0.199556
41.6893961,-106.4140868
46.23824,-63.13107040000001
32.6906137,-116.334462
50.0755381,14.4378005
-42.88682499999999,147.3337251
32.060255,118.796877
39.4004621,-120.183811
35.8854994,14.373372
11.9312571,-85.9566236
30.85067,-86.87483999999999
37.5407246,-77.4360481
59.9138688,10.7522454
7.1453088,3.3590446
23.0660314,72.52067149999999
43.2951,-0.370797
42.2042586,-72.6162009
40.3356483,-75.9268747
36.651216,117.12
-2.9001285,-79.00589649999999
39.350833,-101.7101722
16.7753609,94.7381013
59.9138688,10.7522454
40.014561,-74.3112574
35.8582865,14.4868883
49.44323199999999,1.099971
41.5067003,-90.51513419999999
30.0444196,31.2357116
55.341539,12.405246
48.936752,2.425377
40.8324211,-115.7631232
13.4548761,-16.5790323
64.5011111,-165.4063889
49.1390842,-102.9914807
6.51669,-74.09996
48.954408,-54.6103488
32.8872094,13.1913383
48.5479718,-58.5815353
5.421933,100.3343189
52.21115700000001,5.9699231
41.1399814,-104.8202462
33.8305244,-4.835315400000001
41.3113669,-105.5911007
33.6159122,74.1841796
46.029218,1.418574
41.49932,-81.6943605
34.8416435,-118.8648189
52.3702157,4.895167900000001
9.9280694,-84.0907246
-34.6266731,-58.5943604
36.2604623,59.6167549
46.4398305,-122.846783
34.6937378,135.5021651
-22.9068467,-43.1728965
32.715738,-117.1610838
41.70753939999999,-86.8950297
39.07088,-89.61897839999999
52.7124708,-8.873067599999999
-23.5505199,-46.63330939999999
39.4342818,-75.1212927
36.067108,120.382609
18.1963119,120.5916207
51.075215,1.025608
36.6612387,-80.9239671
19.0412967,-98.20619959999999
51.376165,-0.098234
55.6760968,12.5683371
37.3074896,-122.0329047
38.7222524,-9.1393366
38.9237244,-75.5777033
40.24260719999999,-4.9097818
39.7392358,-104.990251
4.710988599999999,-74.072092
45.0668018,5.5522107
6.253040800000001,-75.5645737
7.200796799999999,79.8736754
10.4805937,-66.90360629999999
14.739824,-17.468292
32.4609764,-84.9877094
-13.53195,-71.96746259999999
49.2827291,-123.1207375
35.4581818,139.4478945
39.6048327,-76.11522889999999
43.295388,5.628112
-33.1318555,-64.3508375
39.1156615,-77.56360149999999
35.0160783,40.44654
28.0836269,-80.60810889999999
46.131859,3.425488
30.37692359999999,47.7144578
-34.6558611,-58.6167212
40.29184300000001,97.04567899999999
40.7127837,-74.0059413
55.604981,13.003822
44.4267674,26.1025384
38.3730379,-110.7140391
68.7986342,16.5414503
31.7618778,-106.4850217
35.3737111,-83.22598029999999
36.5306291,-6.2922391
34.0836708,74.7972825
16.4178557,120.5980097
35.5280783,-108.7425843
46.296626,5.817631
40.6491886,14.6117112
39.6620397,-75.5668166
44.2792974,28.6185573
38.6769938,15.8972233
47.6062095,-122.3320708
53.3016826,-60.3260842
35.1495343,-90.0489801
24.880095,102.832892
16.7967121,82.22528989999999
21.1250077,-101.6859605
48.856614,2.3522219
51.5758719,-0.421236
32.0835407,-81.09983419999999
36.5662811,3.5913939
38.80331779999999,-76.98972780000001
41.805699,123.431472
17.0506675,54.1065864
30.32879059999999,-81.6598332
50.5760021,9.1929424
43.5915707,10.4756991
49.4799896,-1.2968802
7.190708,125.455341
39.9611755,-82.99879419999999
42.6990627,2.8942087
51.4700223,-0.4542955
41.8781136,-87.6297982
5.215209,-73.5946249
42.230243,9.119824999999999
52.52000659999999,13.404954
52.7124708,-8.873067599999999
4.710988599999999,-74.072092
46.93515499999999,2.798903
-27.452382,29.1506941
39.9611755,-82.99879419999999
51.723391,-0.534632
38.994349,-1.8585424
40.7970312,-76.41189609999999
10.6035234,-66.99284399999999
51.0057936,4.6320416
48.865149,-64.210583
-34.6036844,-58.3815591
36.067108,120.382609
24.8614622,67.0099388
10.587508,-66.9213628
1.2058837,-77.285787
44.0553908,-91.6663523
-31.508056,150.68
63.4305149,10.3950528
53.544389,-113.4909267
53.4433284,-1.948907
-37.4,144.583333
53.4083714,-2.9915726
30.0452462,72.3488721
45.4654219,9.1859243
25.0329694,121.5654177
4.710988599999999,-74.072092
36.91307560000001,21.6963472
40.4167754,-3.7037902
18.4537601,-66.0918782
47.6062095,-122.3320708
38.6967833,-76.8477485
-31.7653989,-52.3375886
59.64250000000001,-151.5483333
40.8256561,-73.69818579999999
32.687778,13.173889
3.650676,-76.85063699999999
55.6739463,12.5623087
-9.9298454,-76.24326529999999
52.406822,-1.519693
51.7592485,19.4559833
-28.166667,153.533333
52.52000659999999,13.404954
-40.8755143,175.0667946
45.0769607,7.7680241
-27.5953778,-48.5480499
18.4655394,-66.1057355
41.1219524,16.8233103
-33.8558528,150.9948543
19.0759837,72.8776559
34.2506356,-118.61481
47.6062095,-122.3320708
-1.3214443,-78.5788601
53.5409298,-2.1113659
-4.4419311,15.2662931
47.201178,-70.635882
-34.6123945,-59.90200669999999
41.1399814,-104.8202462
38.8799697,-77.1067698
41.0814447,-81.51900529999999
59.9138688,10.7522454
45.586267,5.004265
32.7766642,-96.79698789999999
38.1040864,-122.2566367
36.061089,103.834304
20.044002,110.198293
24.8538097,67.775756
38.9071923,-77.0368707
18.8504744,-97.1036396
48.9412151,2.4970711
38.994349,-1.8585424
-17.5790302,-65.5796972
-18.1442811,49.3957836
10.7201501,122.5621063
62.399237,-140.371697
50.0755381,14.4378005
44.977753,-93.2650108
10.8230989,106.6296638
51.3985498,-3.3394574
39.9333635,32.8597419
44.746944,-1.181266
22.6034621,88.4476565
9.322961,-74.570544
35.4581818,139.4478945
38.75388,-27.0869431
33.6890603,-78.8866943
40.8598219,-74.0593075
29.1573634,-80.9720325
10.886123,-72.85151499999999
26.2072482,50.61001599999999
26.2072482,50.61001599999999
42.0972721,-86.39286129999999
-31.8738101,116.7774281
35.1795543,129.0756416
33.5731104,-7.589843399999999
32.2643375,75.64211209999999
34.7408836,139.3856256
-30.0346471,-51.2176584
38.24935809999999,-122.0399663
31.2000924,29.9187387
43.100903,-75.232664
35.6891975,51.3889736
45.8150108,15.981919
59.4021806,13.5114977
33.5731104,-7.589843399999999
45.49135,-92.7854919
51.5073509,-0.1277583
51.4700223,-0.4542955
46.0038232,-112.5347776
44.775122,5.839061
-7.2574719,112.7520883
-36.2391263,-61.1255879
25.0329694,121.5654177
8.9180089,-67.4158925
14.5995124,120.9842195
48.1351253,11.5819806
10.3156992,123.8854366
43.0895577,-79.0849436
0.09999999999999999,-76.86666699999999
45.411211,-75.242493
11.5742086,37.3613533
33.0073,70.0652004
44.452499,-83.38028
34.8697395,-111.7609896
41.9027835,12.4963655
26.1445169,91.7362365
23.022505,72.5713621
-15.4996879,-70.12965299999999
50.0411867,21.9991196
30.3321838,-81.65565099999999
62.73460989999999,22.5708697
48.747494,2.105156
46.3415466,2.6019912
58.60767269999999,99.1779092
25.2322352,-11.5788103
25.6872431,32.6396357
-28.88,121.33
55.12224500000001,-3.349008
40.4258686,-86.90806549999999
39.7589478,-84.1916069
-16.489689,-68.11929359999999
64.8377778,-147.7163889
32.4487364,-99.73314390000002
16.8660694,96.19513200000002
43.296482,5.36978
44.4267674,26.1025384
3.139003,101.686855
33.8752935,-117.5664384
21.3069444,-157.8583333
14.0722751,-87.19213599999999
46.8138783,-71.2079809
49.7800938,-92.8369592
32.7688907,-97.43622049999999
36.0190178,129.3434808
44.91875,5.184528999999999
7.8890971,-72.4966896
11.0041072,-74.80698129999999
21.161908,-86.8515279
35.6150716,-87.0352831
57.26569929999999,16.4473984
39.084158,117.200983
5.8520355,-55.2038278
4.67726,-73.97138
20.1151105,-155.5864427
52.52000659999999,13.404954
31.0323677,61.4902483
-11.4193347,-75.68894929999999
3.8480325,11.5020752
34.1650972,-84.7999382
39.1626084,-76.6246886
42.4999942,-96.40030689999999
-5.4628101,143.1479073
14.5995124,120.9842195
34.4198488,70.47294339999999
-8.8852996,13.2056093
32.8872094,13.1913383
37.5063677,130.8571536
-36.8484597,174.7633315
8.2471899,34.5915966
31.0254635,-89.03671659999999
31.0254635,-89.03671659999999
42.4073334,-124.421774
35.920154,74.3080126
37.4137536,-79.14224639999999
23.1135925,-82.3665956
36.7417235,-88.6367154
18.6929789,12.9176518
64.8377778,-147.7163889
33.0501546,65.0868788
18.1258839,75.12916489999999
54.5181925,-128.603154
12.0518011,24.8804853
35.954057,-112.1427297
48.3355019,33.6738674
44.8988097,-76.2485592
32.7120883,-94.1212965
-8.3478186,-77.3895014
39.8726184,-74.2951444
47.3074269,39.6434982
14.0722751,-87.19213599999999
6.2907432,-10.7605239
69.0643084,18.5385152
57.1612975,65.5250172
37.566535,126.9779692
4.710988599999999,-74.072092
10.2110018,-66.8677563
41.1616556,-71.5842643
-10.8237579,-65.3688335
46.2395793,-119.1005657
43.8654511,24.4551263
56.8999158,59.9521128
9.8932887,-84.1268611
39.2508229,-106.2925238
40.214492,-84.6369011
10.4805937,-66.90360629999999
40.8823207,-73.5059562
-4.3601087,14.7608448
44.4758825,-73.21207199999999
44.6994873,-73.4529124
-22.314459,-49.0586951
12.9715987,77.5945627
-15.30803,28.325121
39.7392358,-104.990251
28.9844618,77.7064137
50.2176021,106.2202714
25.9044811,-80.2893995
8.4801699,-13.2564747
13.517475,-86.8032829
20.01693,-75.8301537
34.5553494,69.207486
-12.3940412,16.9417632
-21.7624237,-43.3433999
8.6274201,-79.0376672
-4.4419311,15.2662931
14.5995124,120.9842195
14.6349149,-90.5068824
16.7516009,-93.1029939
14.5995124,120.9842195
-26.6760146,153.1065877
49.79130439999999,9.9533548
14.5995124,120.9842195
46.7584413,-122.0309409
-9.4780123,147.1506542
35.91784,64.7755147
-9.9298454,-76.24326529999999
42.6727927,-88.5445447
43.0326195,41.4811566
49.4400657,7.7491265
64.3272222,-158.7219444
67.0098926,-50.7118596
54.9367684,83.17864
35.2827524,-120.6596156
29.375859,47.9774052
23.12911,113.264385
28.3922182,-80.60771319999999
-13.2702025,-63.70014939999999
20.01693,-75.8301537
55.00835259999999,82.9357327
47.4002802,8.955945999999999
6.253040800000001,-75.5645737
41.49932,-81.6943605
44.3571791,12.2319445
42.2222614,-83.39659940000001
-1.2920659,36.8219462
54.8508333,-163.415
28.4256618,48.4887224
33.9415889,-118.40853
39.2759274,22.818555
33.5298282,-85.95080050000001
39.1910983,-106.8175387
-2.340197,-77.45931999999999
-54.9352098,-67.6058537
38.8338816,-104.8213634
9.1275891,-70.7094127
50.0343812,10.5169747
32.715738,-117.1610838
-9.5418224,16.3346061
32.7068063,-117.1688442
40.103922,65.3688335
12.9715987,77.5945627
17.90787,-87.972776
39.8573144,-77.69527029999999
31.1499528,-81.49148939999999
8.7670867,27.3998369
4.44448,-72.1491099
59.9342802,30.3350986
34.3276924,47.0777685
-8.839987599999999,13.2894368
10.8575824,-74.7746834
13.0058731,5.2475518
5.348903,-72.40052299999999
-12.0240527,-77.112036
33.5206608,-86.80248999999999
21.2854067,39.2375507
42.331427,-83.0457538
45.1757547,-113.8959008
45.340086,23.1533879
58.4133333,-135.7369444
58.4133333,-135.7369444
24.8170111,93.9368439
55.34222219999999,-131.6461111
44.0306767,-123.5853798
3.983162,115.067001
-2.5394654,112.9586863
29.5896836,-96.3335769
11.0041072,-74.80698129999999
11.0041072,-74.80698129999999
44.7500487,-72.6912337
71.964027,102.440613
4.1513822,-73.63769049999999
-6.9980517,107.5558745
38.1040864,-122.2566367
42.9666308,47.51262850000001
30.3790551,-86.347432
69.751221,61.66369599999999
38.5449065,-121.7405167
-17.4524005,35.0333095
54.5220314,52.8260805
36.1699412,-115.1398296
34.257038,-85.1646726
49.3987524,8.6724335
59.32932349999999,18.0685808
40.76933289999999,-73.9828825
36.036604,-114.321781
48.433333,7.399999999999999
49.1658836,-123.9400647
39.82652789999999,46.7655746
-14.0648657,-42.48588669999999
37.9715592,-87.5710898
12.9283363,-16.7411559
41.6639383,-83.55521200000001
-2.8567056,15.5503683
36.1626638,-86.7816016
62.0354523,129.6754745
37.9838096,23.7275388
54.778527,44.852387
21.6667401,21.8419536
-6.083477299999999,145.3862638
-1.2920659,36.8219462
40.5556484,-75.98187720000001
33.7619748,-117.2181879
35.0236107,50.3585065
7.983333,-77.93333299999999
33.6598257,-85.8316318
43.7291617,-87.8106439
-35.2809368,149.1300092
36.002155,-114.0684841
69.35579,88.18929380000002
60.7922222,-161.7558333
41.7151377,44.827096
41.9973462,21.4279956
19.4326077,-99.133208
18.1627363,-66.7221187
27.7172453,85.3239605
27.7172453,85.3239605
32.060255,118.796877
57.0050671,40.9766453
50.6320809,-96.9886746
-3.7436735,-73.25163260000001
41.7689183,-88.64091300000001
-12.0582305,-77.1053673
56.056112,159.871444
20.757508,-155.988407
12.1035888,-68.9328682
4.710988599999999,-74.072092
70.633333,134.333333
6.5243793,3.3792057
52.3702157,4.895167900000001
39.62699020000001,-78.2271957
35.580663,104.626282
2.0469343,45.3181623
52.0515032,113.4711906
39.0638705,-108.5506486
66.97058609999999,-160.4397436
56.85872140000001,35.9175965
19.0759837,72.8776559
12.2387911,109.1967488
19.7807686,-70.6871091
45.8268527,-115.4367941
22.600347,107.120223
48.5333309,-108.7840463
19.4064492,-102.0430476
-1.658501,29.2204548
37.0193548,-7.9304397
32.8872094,13.1913383
41.223,-111.9738304
48.856614,2.3522219
-7.2574719,112.7520883
54.42566919999999,-3.4968221
56.7,-131
-4.4419311,15.2662931
35.6891975,51.3889736
4.710988599999999,-74.072092
41.9973462,21.4279956
35.14726,-107.8514466
60.4126207,8.4468151
61.2180556,-149.9002778
36.5331586,-82.32680599999999
39.1910983,-106.8175387
42.2977891,-90.6876307
19.8761653,75.3433139
36.7027082,67.7079491
40.7791808,-98.7309078
-18.1248086,178.4500789
21.161908,-86.8515279
6.253040800000001,-75.5645737
5.348903,-72.40052299999999
15.6050124,32.5398523
41.7151377,44.827096
-0.8761629000000001,131.255828
42.7082626,41.4661503
36.1699412,-115.1398296
33.4359416,-86.1058048
38.487194,106.230909
34.5732516,126.5989274
27.8002203,84.406761
33.4734978,-82.0105148
58.6057234,125.3961001
37.4882943,71.5901986
52.2296756,21.0122287
43.0015252,41.0234153
43.0015252,41.0234153
43.0015252,41.0234153
26.074508,119.296494
39.3372722,-85.483581
53.0634269,-93.3294051
43.825592,87.61684799999999
30.2839379,57.0833628
41.1230977,20.8016481
14.6672532,-90.3583606
47.42715459999999,-92.9376887
69.445358,-133.034181
14.739824,-17.468292
19.4520843,103.1855702
13.6217753,123.1948238
33.7455731,-117.8678338
40.7929026,43.8464971
27.2439349,-80.82978279999999
39.9611755,-82.99879419999999
-4.4419311,15.2662931
43.4949918,43.6045132
52.82937399999999,-1.332134
40.7127837,-74.0059413
28.6139391,77.2090212
-31.092748,150.9320334
-3.1980324,40.1145755
31.7305925,74.9384135
47.6587802,-117.4260466
24.5550593,-81.7799871
-12.6492936,141.8469901
4.710988599999999,-74.072092
55.424117,-5.605373999999999
53.68363009999999,88.0813924
35.0526641,-78.87835849999999
40.7279868,-115.4784204
52.3702157,4.895167900000001
-1.2543408,-78.62285039999999
-1.9705786,30.1044288
35.2903104,136.9109515
41.18454149999999,-73.1331651
4.6266999,-76.68827
9.82607,-73.7992
4.1513822,-73.63769049999999
57.79000000000001,-152.4072222
34.341575,108.93977
19.4064492,-102.0430476
38.8942786,-77.43109919999999
58.3019444,-134.4197222
5.3599517,-4.0082563
43.6270421,1.3804174
18.5565495,-11.4310758
35.2270869,-80.8431267
58.9061111,-157.7175
22.2033221,-159.4977455
14.6160647,-61.0587804
-5.8396417,13.0702646
9.359302,-79.89986080000001
57.2605471,17.0351033
60.20249999999999,-154.3127778
39.9543627,-74.378734
60.55444439999999,-151.2583333
30.4277547,-9.5981072
40.615537,-80.26218519999999
9.0764785,7.398574
22.7888209,5.5258107
60.3394104,102.2965425
-20.2262989,-58.16936029999999
-12.3757287,13.5610451
1.2521739,-70.23361799999999
-15.1632458,19.1612478
67.66251299999999,134.65435
57.9845406,102.7395955
41.1587014,-87.29167129999999
-6.9353405,-76.7711626
36.0041223,-120.1290272
38.7669954,-90.41150569999999
-15.1632458,19.1612478
64.61749999999999,-162.2605556
35.823483,-78.8255621
52.406822,-1.519693
36.6981425,3.2067834
38.5012085,43.3729793
32.6546275,51.66798259999999
10.3910485,-75.4794257
35.1982836,-111.651302
54.0114581,-132.1471978
37.6624312,-121.8746789
48.0223129,-123.0060075
34.0522342,-118.2436849
27.7172453,85.3239605
56.01528339999999,92.8932476
48.936752,2.425377
35.9735954,-112.1265569
39.0997265,-94.5785667
59.23308199999999,163.067535
39.5296329,-119.8138027
-37.7870012,175.279253
44.62244560000001,26.1102518
32.944012,-85.9538532
6.5243793,3.3792057
-23.698042,133.8807471
50.0978321,-91.922038
-0.1806532,-78.4678382
43.6187102,-116.2146068
53.8007554,-1.5490774
1.337454,-71.950914
14.4334237,-16.9763084
33.7489954,-84.3879824
-40.3523065,175.6082145
48.708048,44.5133034
-15.6658386,15.802612
6.5243793,3.3792057
18.4338645,-68.9658817
57.79000000000001,-152.4072222
-6.1202907,141.2998457
59.2358333,-135.445
-10.310449,150.333904
-18.8791902,47.5079055
-6.497263999999999,144.823628
-26.2041028,28.0473051
33.5801103,-85.0766113
43.653226,-79.3831843
36.9142618,-113.9476988
2.181718,-73.78645
34.4198488,70.47294339999999
6.8170066,79.9249323
26.5241653,-77.09098089999999
4.244651,117.8911861
-31.092748,150.9320334
49.6428895,100.1771896
61.2180556,-149.9002778
50.03312260000001,-125.2733354
42.1562847,77.60205690000001
37.2255593,-107.5981123
28.6916182,-100.5408622
-32.1493893,-65.0577595
10.5104642,7.4165053
9.6639173,80.0279851
5.2763631,115.2491678
40.40926169999999,49.8670924
4.0510564,9.7678687
47.981556,139.541809
18.2382167,-72.0690372
45.35525459999999,10.8474267
3.9005079,-76.30218889999999
-4.4419311,15.2662931
12.0021794,8.591956099999999
9.82354,80.2370059
-41.5134425,173.9612498
-25.2637399,-57.57592599999999
34.5058698,-109.3609327
19.770475,-70.640277
31.8667427,-116.5963713
31.628871,65.7371749
18.594395,-72.3074326
14.3049445,-90.9625385
47.80949,13.05501
15.2286363,32.5259596
-8.4432485,20.7301263
-16.4090474,-71.53745099999999
-23.5505199,-46.63330939999999
-6.040813699999999,-79.1306592
11.711511,-70.1813018
24.5550593,-81.7799871
42.65066059999999,18.0944238
53.0409109,158.6777259
41.1399814,-104.8202462
54.5181925,-128.603154
24.7026618,-105.99496
25.7604643,-80.625912
-4.4419311,15.2662931
37.2682177,49.5891233
-19.0406636,146.3845213
33.5903547,130.4017155
31.230416,121.473701
30.42130899999999,-87.2169149
33.9733825,74.8697188
51.44164199999999,5.4697225
40.7366479,-73.9841557
20.6295586,-87.0738851
61.785,-161.3202778
12.4492291,98.62706279999999
43.869512,-79.286594
56.7,-131
53.1804139,-132.0290919
44.786568,20.4489216
-26.3044084,-48.84638320000001
61.2180556,-149.9002778
-7.2953756,18.9621091
-8.4432485,20.7301263
45.227979,7.6461364
55.34222219999999,-131.6461111
48.0159625,-66.4220957
-0.9676533,-80.7089101
-23.5505199,-46.63330939999999
17.2220409,-89.6236995
45.95409,2.1689379
-8.4432485,20.7301263
6.5243793,3.3792057
28.5920617,76.2652909
-1.3562118,36.6687545
39.9356016,-91.4098726
35.2489731,-93.1090627
53.7175644,91.4293172
-3.3186067,114.5943784
43.6187102,-116.2146068
56.85872140000001,35.9175965
6.144837,-75.375085
37.3315103,-80.8111866
14.4425987,79.98645599999999
43.7567382,-71.9486943
36.057938,-76.6077213
-13.8662688,-171.7869042
41.9164343,-83.3977101
9.2034963,12.4953899
13.7725888,-13.6710059
-8.591401,14.92815
14.6349149,-90.5068824
36.2604623,59.6167549
44.2273974,42.0591708
14.0722751,-87.19213599999999
33.2467807,-84.2640904
70.63694439999999,-160.0383333
40.6878581,46.3723313
-2.7416678,107.6529988
36.7285907,68.8680663
22.622947,113.846245
1.4391476,29.8439109
45.7631589,106.2650297
19.1466986,72.7890754
61.923613,-151.1683574
6.956106999999999,-71.87259499999999
-23.5453209,-46.311625
59.45833329999999,-135.3138889
-6.9174639,107.6191228
-6.083477299999999,145.3862638
4.9757165,8.3417006
43.7695604,11.2558136
13.4762824,144.7502228
25.7616798,-80.1917902
-14.5203415,132.3775053
-28.6727702,-49.3733771
3.868297,-67.923917
11.5448729,104.8921668
4.399493,113.9913832
-3.3728836,29.1448793
38.4783198,-107.8761738
13.4548761,-16.5790323
-32.9809545,-58.04700080000001
25.0329694,121.5654177
36.6187161,-121.9059958
34.4198488,70.47294339999999
50.572739,-113.836583
71.29055559999999,-156.7886111
52.262668,104.3096319
52.008541,-95.429739
25.3462553,55.4209317
40.2204814,22.3137232
-2.9760735,104.7754307
35.5756889,-81.2117473
31.2,67
49.1950602,16.6068371
16.8660694,96.19513200000002
6.9692802,124.7519807
46.2912024,11.4605662
41.0548094,-3.8254599
21.283333,30.75
25.0329694,121.5654177
36.5297706,-87.3594528
46.8083268,-100.7837392
-4.0434771,39.6682065
10.6407389,122.9689565
-5.1782884,-80.6548882
19.4326077,-99.133208
4.710988599999999,-74.072092
-2.9051835,-76.40279369999999
16.6143698,-7.2598913
19.1093153,102.9216707
35.0768141,-80.6692352
49.054082,104.0716533
45.5016889,-73.567256
25.7942395,55.9449944
-31.42008329999999,-64.1887761
15.3228767,38.9250517
50.90970040000001,-1.4043509
41.3850639,2.1734035
9.9312328,76.26730409999999
44.4056499,8.946256
47.482133,-3.121053
54.99444399999999,-129.954167
-9.661217299999999,20.3904598
28.4007902,83.69998559999999
15.3091676,-61.37935539999999
-25.7478676,28.2292712
-0.1806532,-78.4678382
60.20249999999999,-154.3127778
33.7293882,73.0931461
35.1686165,-2.9275836
14.93305,-23.5133267
-2.9492205,25.9231471
40.1791857,44.4991029
-3.7318616,-38.5266704
14.8520705,-91.5305465
56.01528339999999,92.8932476
38.94056399999999,-76.5629398
48.4284207,-123.3656444
34.2789981,-94.05075269999999
49.2212971,-68.1503944
20.1527657,92.86768610000001
9.133885099999999,99.32669759999999
-15.1632458,19.1612478
-9.661217299999999,20.3904598
-12.64555,16.0400509
-12.7739761,15.7468535
50.967168,6.117458399999999
48.8380451,-123.2877314
12.0111402,-83.7703693
-8.839987599999999,13.2894368
-5.481706099999999,150.3935521
-4.4419311,15.2662931
37.3614238,-118.3996636
27.778657,120.655148
28.6139391,77.2090212
6.457094,-71.745515
37.028765,35.8124309
6.703857999999999,-72.729891
31.230416,121.473701
-17.767559,168.309609
1.6076812,110.3785438
34.7464809,-92.28959479999999
15.5006544,32.5598994
11.9283293,120.2397336
58.3019444,-134.4197222
-6.083477299999999,145.3862638
50.5838832,5.4996297
4.1513822,-73.63769049999999
27.7172453,85.3239605
19.2826098,-99.6556653
12.0111402,-83.7703693
0.6768799999999999,-76.880163
-18.105015,178.4029323
42.7194778,-82.492132
50.21329679999999,-66.3757921
41.5518741,60.990675
-34.6036844,-58.3815591
55.864237,-4.251806
41.3775987,-71.82728709999999
27.7172453,85.3239605
44.4267674,26.1025384
20.0546526,-99.34235629999999
26.2361248,50.0393017
44.408503,8.9342077
9.6598946,-68.5812895
45.4646985,-98.4864829
41.2997902,-70.2557142
44.5046445,-114.2317308
34.7670694,113.6813249
19.4064492,-102.0430476
42.6629138,21.1655028
-1.2920659,36.8219462
55.755826,37.6173
-26.2041028,28.0473051
60.7922222,-161.7558333
16.4804228,121.1481284
36.6436731,-93.21851439999999
62.390811,17.306927
29.375859,47.9774052
14.6349149,-90.5068824
30.7743596,-85.2268735
51.8553402,0.1945479
10.1771427,-68.2594012
27.1902036,84.9921549
41.45352099999999,31.78938
9.0764785,7.398574
47.4788154,8.4871839
9.9280694,-84.0907246
39.9333635,32.8597419
5.3628684,-3.9972611
-7.70989,29.776951
35.6891975,51.3889736
59.7547222,-154.9061111
38.5815719,-121.4943996
34.1808392,-118.3089661
55.755826,37.6173
7.210491999999999,79.8809026
-12.7739761,15.7468535
-33.0077778,-58.5111667
26.3683064,-80.1289321
7.103312,125.7188463
-1.955492,147.213931
45.7234181,5.0887768
21.0933333,-157.0238889
-1.5370282,13.2432632
41.2459149,-75.88130749999999
14.5995124,120.9842195
48.856614,2.3522219
-35.3343174,149.172877
5.6037168,-0.1869644
53.4083714,-2.9915726
-15.6014109,-56.0978917
30.210313,117.486306
17.989456,-92.9475061
4.1513822,-73.63769049999999
35.7795897,-78.6381787
25.5940947,85.1375645
46.03866499999999,-67.9600193
25.0479835,-77.355413
48.9864632,2.4497721
32.341673,36.2020028
-23.8916151,-46.4244141
-41.468917,-72.94113639999999
40.0561471,-74.84588219999999
-6.4237489,20.7956878
31.9293488,-82.6795831
26.2350369,50.574443
10.4678335,-84.64268059999999
38.9775231,-104.8003951
-17.8522142,139.6332405
9.4384967,80.38879750000001
70.2175,-150.9763889
26.0508406,-98.29789509999999
66.089218,-118.014297
37.68717609999999,-97.33005299999999
38.2322766,-90.5629034
20.4170831,104.04787
41.6167547,41.6367455
25.0329694,121.5654177
-9.898251,19.993361
41.079273,-85.1393513
-8.839987599999999,13.2894368
25.7616798,-80.1917902
37.8881751,-4.7793835
40.6807773,-112.2630024
53.9619444,-166.5991667
8.088279100000001,-63.5535552
39.7102023,-104.2233886
5.348903,-72.40052299999999
45.5584245,-94.15692299999999
49.4254092,11.0796553
13.7563309,100.5017651
32.2615496,-83.73656559999999
24.5246542,39.5691841
-14.9186136,13.5321234
17.8964345,-62.85220099999999
39.1910983,-106.8175387
44.4822137,-88.0701033
-35.4006236,-59.3348143
38.3553627,38.33352470000001
-32.8894587,-68.8458386
36.5658729,53.0586328
56.7737672,43.0305594
-2.5916025,140.6689995
52.28697409999999,104.3050183
10.4697685,-68.02986539999999
55.755826,37.6173
59.2358333,-135.445
64.12652059999999,-21.8174393
36.002155,-114.0684841
42.4439614,-76.5018807
26.5241653,-77.09098089999999
40.0178571,-78.9072458
38.8799697,-77.1067698
40.7127837,-74.0059413
40.7127837,-74.0059413
14.6349149,-90.5068824
45.4654219,9.1859243
59.03972219999999,-158.4575
39.4728726,-0.4060491
55.86172,-92.098404
61.2180556,-149.9002778
57.2365343,37.8401303
40.44062479999999,-79.9958864
58.9664,22.8531999
4.815554,7.0498442
59.37554600000001,144.862197
33.4017766,-86.954437
31.1745732,-105.3571764
6.253040800000001,-75.5645737
47.3768866,8.541694
53.5395845,8.5809424
26.0112014,-80.1494901
52.48624299999999,-1.890401
43.2630126,-2.9349852
17.5515346,-99.5006322
-7.575488699999999,110.8243272
-11.7714258,19.8901427
0.825542,-77.639504
44.1538145,-103.0901656
33.4646833,48.33896439999999
6.2907432,-10.7605239
59.9870744,30.1781159
9.3008604,123.2967922
42.0517785,12.6202874
22.3179093,-79.6558242
44.3199654,-91.91488389999999
11.6097842,43.1462794
-16.9185514,145.7780548
39.5696005,2.6501603
35.1795543,129.0756416
2.4448143,-76.6147395
53.7175644,91.4293172
12.0021794,8.591956099999999
36.8064948,10.1815316
38.913474,121.6210452
4.9757165,8.3417006
-33.9881281,22.4529878
-9.2993916,14.9096846
49.895136,-97.13837439999999
33.6042793,69.2281531
47.7661746,9.1702772
34.1066756,-117.8067257
4.3946735,18.5581899
60.20249999999999,-154.3127778
49.839683,24.029717
55.755826,37.6173
18.2387995,-66.035249
43.3080778,45.76972749999999
28.237987,83.99558789999999
56.45405599999999,138.167328
38.0405837,-84.5037164
27.894504,102.264449
55.4338723,-116.4877047
-8.3928622,-74.5826166
-23.3866812,-48.7218983
50.194501,-61.83150800000001
15.3860329,73.84403979999999
-29.722516,-52.43483819999999
30.671469,-87.90188289999999
47.46242789999999,-92.5399063
49.6510089,6.258746299999999
3.3273599,117.5785049
36.4072485,-105.5730665
14.5995124,120.9842195
34.5862171,-94.23965539999999
36.3566484,43.1640004
42.2711311,-89.0939952
32.6546275,51.66798259999999
-25.4289541,-49.267137
37.9249733,40.2109826
35.2270869,-80.8431267
-6.230154700000001,-77.87084779999999
-0.1882802,10.7605239
0.4607691,34.1114621
-8.4731006,126.4553727
30.4277547,-9.5981072
59.43696079999999,24.7535746
37.0667444,-84.5999413
30.4157741,57.7062572
33.5834014,71.43321929999999
52.4216308,31.8424417
22.7888209,5.5258107
42.5480503,-91.1143005
-4.4419311,15.2662931
40.814221,39.610662
62.32090460000001,-150.1066221
45.4654219,9.1859243
-43.5320544,172.6362254
19.4424663,-155.2328714
48.390394,-4.486076
37.1378415,50.2836199
59.77666670000001,-151.8313889
36.4798683,2.8005677
19.5903471,37.1901616
7.771357200000001,-72.22614659999999
41.3497456,-72.0790717
19.7370362,-72.20676809999999
41.6514887,-70.2766989
52.7986795,-88.46180849999999
29.3708857,-100.8958674
19.3924729,-99.1492018
36.002155,-114.0684841
48.8316351,-64.4869016
-40.876657,175.064213
5.35,-62.65
-34.6036844,-58.3815591
22.2331041,-97.861099
44.52634219999999,-109.0565308
37.016667,42.683333
-27.6580842,152.758143
47.6587802,-117.4260466
-0.2842862,20.8850949
49.6859305,-87.5300824
1.2521739,-70.23361799999999
34.7402853,-117.3257169
6.3702928,2.3912362
41.2994958,69.2400734
32.4902246,3.6738412
44.7721811,17.191
25.3462553,55.4209317
39.2238411,9.1216613
38.069211,-117.2305861
-20.3512228,148.9578898
31.5348555,-103.1262722
31.07292589999999,-110.4898936
7.755354,-76.6554309
12.0527239,29.655711
-3.1190275,-60.0217314
43.825592,87.61684799999999
-0.9374110000000001,38.0605006
27.6856603,86.72780589999999
8.615626899999999,-11.0428931
8.9823792,-79.51986959999999
43.8486707,-73.4234531
39.1031182,-84.5120196
47.4941836,-111.2833449
-1.658501,29.2204548
10.2441931,-67.60661640000001
47.2357137,39.701505
54.204836,37.6184915
62.9532043,-155.5959922
17.989456,-92.9475061
11.0105443,29.7136456
29.7604267,-95.3698028
34.9444758,69.273567
38.57670170000001,-92.1735164
6.253040800000001,-75.5645737
11.9283293,120.2397336
40.19475389999999,-92.5832496
36.6915262,-79.8725386
32.715738,-117.1610838
10.4805937,-66.90360629999999
40.657378,109.840349
38.4783198,-107.8761738
-7.575488699999999,110.8243272
38.6270025,-90.19940419999999
43.4635179,-114.2605998
2.181718,-73.78645
10.4788542,-67.0822043
21.2854067,39.2375507
42.933692,-72.2781409
33.0363903,40.2833315
14.4810941,121.0310252
33.5372272,44.26213990000001
34.0149748,71.5804899
15.5006544,32.5598994
34.8416435,-118.8648189
38.2544472,-104.6091409
10.2110018,-66.8677563
68.84585109999999,58.18627499999999
13.3588397,-81.3591579
35.6891975,51.3889736
-13.7134562,-76.1841701
0.5185303,25.2007728
-12.7845471,143.3430149
-28.4700004,-65.63555219999999
-15.2735504,23.1501117
-2.7081207,28.6468977
15.5006544,32.5598994
43.653226,-79.3831843
38.1250332,13.3576988
59.4163359,24.8034245
38.2031194,23.9632194
10.875582,-70.904442
-8.3928622,-74.5826166
3.5951956,98.6722227
5.3245686,-66.054451
22.2221128,-159.5711845
49.895136,-97.13837439999999
6.6438592,3.4787607
54.9040441,38.0803509
35.6891975,51.3889736
41.8781136,-87.6297982
4.815554,7.0498442
25.8527496,-80.1232335
40.5738701,49.9881435
39.327962,-120.1832533
49.9935,36.230383
37.5498061,45.0786282
48.4854061,21.3574906
49.2338882,-124.8055494
43.1947211,-88.7289918
36.3020023,-88.32671069999999
42.7579949,-1.5489505
-16.489689,-68.11929359999999
46.0038232,-112.5347776
-2.9001285,-79.00589649999999
-22.7186089,-42.6279835
2.3354966,37.9943453
12.087083,15.0148322
31.6095648,64.4082082
43.585791,39.718556
55.10823,-105.285989
0.377778,6.713056
41.3497456,-72.0790717
35.668343,116.9274
47.4702078,-115.8018253
13.8359124,20.8433709
-21.9997305,35.3191889
53.5510846,9.9936818
52.28697409999999,104.3050183
30.19838069999999,71.46870280000002
-4.203164999999999,-69.935907
42.792313,-73.22694609999999
45.0526206,9.6929845
48.015883,37.80285
38.0405837,-84.5037164
36.2604623,59.6167549
31.628871,65.7371749
43.0252344,44.6659759
6.7835394,9.069549199999999
56.3156387,55.40583729999999
9.0764785,7.398574
35.6891975,51.3889736
56.9491667,-158.6269444
-8.9094014,33.4607744
33.9474784,44.3709408
20.6201831,-103.0673833
34.1898566,-118.451357
33.3128057,44.3614875
43.2951,-0.370797
45.7762463,-111.1770945
-7.7955798,110.3694896
22.2236111,-159.4852778
22.2221128,-159.5711845
53.2415041,50.2212463
2.0469343,45.3181623
4.933333,-59.8
42.8706519,45.6906525
3.7796742,9.9772486
29.668961,34.303909
-7.447914,-76.560744
8.4656765,-13.2317225
43.0389025,-87.9064736
-8.7368981,24.9872821
10.6253016,103.5233963
-6.2694214,14.2337805
24.8090649,-107.3940117
53.5383782,-9.8875419
-23.5505199,-46.63330939999999
55.3525107,-131.6861236
55.755826,37.6173
33.3672525,-105.6588485
55.34222219999999,-131.6461111
35.4655761,44.38039209999999
-25.4289541,-49.267137
42.1526524,21.3318248
-8.034101,26.790893
-4.4419311,15.2662931
37.4694491,-105.8700214
46.63705059999999,-121.3915844
3.766667,-73.833333
-23.5505199,-46.63330939999999
15.5006544,32.5598994
37.7626487,30.55370499999999
61.1870057,-149.8968901
39.9611755,-82.99879419999999
50.4501,30.5234
57.79000000000001,-152.4072222
51.5073509,-0.1277583
-12.7739761,15.7468535
53.34254,16.089279
8.5698244,-71.1804988
27.6697489,85.3072433
-34.08341619999999,151.1515469
47.0104529,28.8638103
-1.658501,29.2204548
6.825243,29.66953
48.3093032,-120.6564879
45.7832856,-108.5006904
33.44,-118.49833
55.1644419,61.4368431
8.9823792,-79.51986959999999
14.0722751,-87.19213599999999
-33.3073363,-71.6450828
30.7235263,-95.55077709999999
15.5006544,32.5598994
41.6524911,-70.2881124
6.2544629,101.2410442
9.5279875,31.6682347
35.1982836,-111.651302
15.5006544,32.5598994
25.4267244,-100.9954254
4.710988599999999,-74.072092
-41.468917,-72.94113639999999
44.0855572,-93.2259349
40.733199,-123.0536402
2.0053407,44.9870299
40.4167754,-3.7037902
14.9358752,-89.796633
42.8746212,74.5697617
-0.7561270000000001,-78.686673
-2.5123017,28.8480284
39.9611755,-82.99879419999999
58.02968129999999,56.2667916
34.0007104,-81.0348144
38.8040027,-76.90663959999999
27.6856603,86.72780589999999
41.7605849,-88.32007150000001
19.4326077,-99.133208
33.3443576,43.7812773
42.6990627,2.8942087
18.4655394,-66.1057355
29.7298711,-93.89734659999999
21.787441,-72.19667
29.5957696,-90.71953479999999
40.7127837,-74.0059413
41.766438,12.477639
43.0106139,-78.6375283
-36.266667,-72.716667
25.6872431,32.6396357
52.3702157,4.895167900000001
47.5504959,-52.7177077
46.0038232,-112.5347776
57.6013177,-1.9135052
-6.9174639,107.6191228
-16.373274,-71.5176838
-7.6310587,111.5300159
52.5433087,-56.30018740000001
